Video_Name,Time_Seconds,People_Count,Crowd_Status,Threshold,Exceeded
v1.mp4,0.0,35,Congested,20,True
v1.mp4,1.0,29,Congested,20,True
v1.mp4,2.0,33,Congested,20,True
v1.mp4,3.0,32,Congested,20,True
v1.mp4,4.0,28,Congested,20,True
v1.mp4,5.0,28,Congested,20,True
v1.mp4,6.01,34,Congested,20,True
v1.mp4,7.01,35,Congested,20,True
v1.mp4,8.01,34,Congested,20,True
v1.mp4,9.01,32,Congested,20,True
v1.mp4,10.01,35,Congested,20,True
v1.mp4,11.01,35,Congested,20,True
v1.mp4,12.01,32,Congested,20,True
v1.mp4,13.01,31,Congested,20,True
v1.mp4,14.01,26,Congested,20,True
v1.mp4,15.02,32,Congested,20,True
v1.mp4,16.02,30,Congested,20,True
v1.mp4,17.02,31,Congested,20,True
v1.mp4,18.02,29,Congested,20,True
v1.mp4,19.02,30,Congested,20,True
v1.mp4,20.02,35,Congested,20,True
v1.mp4,21.02,34,Congested,20,True
v2.mp4,0.0,50,Congested,17,True
v2.mp4,1.0,36,Congested,17,True
v2.mp4,2.0,33,Congested,17,True
v2.mp4,3.0,41,Congested,17,True
v2.mp4,4.0,33,Congested,17,True
v2.mp4,5.0,31,Congested,17,True
v2.mp4,6.0,32,Congested,17,True
v2.mp4,7.0,31,Congested,17,True
v2.mp4,8.0,38,Congested,17,True
v2.mp4,9.0,30,Congested,17,True
v2.mp4,10.0,47,Congested,17,True
v2.mp4,11.0,32,Congested,17,True
v3.mp4,0.0,19,Moderate,45,False
v3.mp4,1.0,26,Moderate,45,False
v3.mp4,2.0,17,Moderate,45,False
v3.mp4,3.0,15,Normal,45,False
v3.mp4,4.0,16,Moderate,45,False
v3.mp4,5.0,20,Moderate,45,False
v3.mp4,6.0,15,Normal,45,False
v3.mp4,7.0,13,Normal,45,False
v3.mp4,8.0,17,Moderate,45,False
v3.mp4,9.0,19,Moderate,45,False
v3.mp4,10.0,17,Moderate,45,False
v3.mp4,11.0,15,Normal,45,False
v4.mp4,0.0,43,Moderate,45,False
v4.mp4,1.0,44,Moderate,45,False
v4.mp4,2.0,43,Moderate,45,False
v4.mp4,3.0,46,Congested,45,True
v4.mp4,4.0,44,Moderate,45,False
v4.mp4,5.0,43,Moderate,45,False
v4.mp4,6.0,42,Moderate,45,False
v4.mp4,7.0,38,Moderate,45,False
v4.mp4,8.0,38,Moderate,45,False
v4.mp4,9.0,37,Moderate,45,False
v4.mp4,10.0,40,Moderate,45,False
v4.mp4,11.0,39,Moderate,45,False
v4.mp4,12.0,40,Moderate,45,False
v4.mp4,13.0,38,Moderate,45,False
v5.mp4,0.0,26,Congested,16,True
v5.mp4,1.0,23,Congested,16,True
v5.mp4,2.0,30,Congested,16,True
v5.mp4,3.0,22,Congested,16,True
v5.mp4,4.0,25,Congested,16,True
v5.mp4,5.0,25,Congested,16,True
v5.mp4,6.0,23,Congested,16,True
v5.mp4,7.0,24,Congested,16,True
v5.mp4,8.0,20,Congested,16,True
v5.mp4,9.0,23,Congested,16,True
v5.mp4,10.0,20,Congested,16,True
v5.mp4,11.0,25,Congested,16,True
v5.mp4,12.0,19,Congested,16,True
v5.mp4,13.0,18,Congested,16,True
